,date,open,high,low,close,volume,rsi_14,rsi_signal,macd,macd_sigs,macd_signal
1258,2015-01-02 00:00:00.000000,27.84749984741211,27.86000061035156,26.837499618530277,27.332500457763672,212818400,,0,,,0
1259,2015-01-05 00:00:00.000000,27.07250022888184,27.162500381469727,26.352500915527344,26.5625,257142000,,0,,,0
1260,2015-01-06 00:00:00.000000,26.63500022888184,26.857500076293945,26.15749931335449,26.565000534057617,263188400,,0,,,0
1261,2015-01-07 00:00:00.000000,26.799999237060547,27.049999237060547,26.674999237060547,26.9375,160423600,,0,,,0
1262,2015-01-08 00:00:00.000000,27.3075008392334,28.037500381469727,27.174999237060547,27.97249984741211,237458000,,0,,,0
1263,2015-01-09 00:00:00.000000,28.167499542236328,28.3125,27.552499771118164,28.002500534057617,214798000,,0,,,0
1264,2015-01-12 00:00:00.000000,28.149999618530277,28.15749931335449,27.200000762939453,27.3125,198603200,,0,,,0
1265,2015-01-13 00:00:00.000000,27.857500076293945,28.200000762939453,27.227500915527344,27.55500030517578,268367600,,0,,,0
1266,2015-01-14 00:00:00.000000,27.26000022888184,27.622499465942383,27.125,27.450000762939453,195826400,,0,,,0
1267,2015-01-15 00:00:00.000000,27.5,27.51499938964844,26.665000915527344,26.70499992370605,240056000,,0,,,0
1268,2015-01-16 00:00:00.000000,26.75749969482422,26.895000457763672,26.299999237060547,26.497499465942383,314053200,,0,,,0
1269,2015-01-20 00:00:00.000000,26.959999084472656,27.24250030517578,26.625,27.18000030517578,199599600,,0,,,0
1270,2015-01-21 00:00:00.000000,27.237499237060547,27.76499938964844,27.0674991607666,27.387500762939453,194303600,,0,,,0
1271,2015-01-22 00:00:00.000000,27.565000534057617,28.11750030517578,27.43000030517578,28.100000381469727,215185600,46.85795659961987,0,,,0
1272,2015-01-23 00:00:00.000000,28.075000762939453,28.4375,27.88249969482422,28.2450008392334,185859200,50.824661703465594,0,,,0
1273,2015-01-26 00:00:00.000000,28.434999465942383,28.59000015258789,28.200000762939453,28.274999618530277,222460000,47.01370104427481,0,,,0
1274,2015-01-27 00:00:00.000000,28.104999542236328,28.1200008392334,27.25749969482422,27.28499984741211,382274800,32.5713532181821,0,,,0
1275,2015-01-28 00:00:00.000000,29.40749931335449,29.530000686645508,28.82749938964844,28.82749938964844,585908400,26.04224422272449,-1,,,0
1276,2015-01-29 00:00:00.000000,29.07999992370605,29.79750061035156,28.88999938964844,29.725000381469727,337745600,41.173393221057445,0,,,0
1277,2015-01-30 00:00:00.000000,29.600000381469727,30.0,29.212499618530277,29.290000915527344,334982000,36.97793268146626,0,,,0
1278,2015-02-02 00:00:00.000000,29.512500762939453,29.792499542236328,29.020000457763672,29.65749931335449,250956400,40.26309132483577,0,,,0
1279,2015-02-03 00:00:00.000000,29.625,29.772499084472656,29.40250015258789,29.662500381469727,207662800,41.1780947518872,0,,,0
1280,2015-02-04 00:00:00.000000,29.625,30.127500534057617,29.57749938964844,29.88999938964844,280598800,47.70887481002325,0,,,0
1281,2015-02-05 00:00:00.000000,30.0049991607666,30.0575008392334,29.8125,29.98500061035156,168984800,47.25205156944022,0,,,0
1282,2015-02-06 00:00:00.000000,30.0049991607666,30.0625,29.612499237060547,29.732500076293945,174826400,41.06931289907907,0,,,0
1283,2015-02-09 00:00:00.000000,29.637500762939453,29.959999084472656,29.607500076293945,29.93000030517578,155559200,49.2876183417289,0,0.525765950804864,,0
1284,2015-02-10 00:00:00.000000,30.042499542236328,30.537500381469727,30.040000915527344,30.5049991607666,248034000,59.57349033581749,0,0.5685779889558553,,0
1285,2015-02-11 00:00:00.000000,30.6924991607666,31.229999542236328,30.625,31.21999931335449,294247200,68.09079542417939,0,0.646458649578463,,0
1286,2015-02-12 00:00:00.000000,31.51499938964844,31.8700008392334,31.39249992370605,31.614999771118164,297898000,69.49655738494529,0,0.7281800324382246,,0
1287,2015-02-13 00:00:00.000000,31.81999969482422,31.81999969482422,31.412500381469727,31.770000457763672,217088800,67.77401989694877,0,0.7947830002943412,,0
1288,2015-02-17 00:00:00.000000,31.872499465942383,32.220001220703125,31.729999542236328,31.957500457763672,252609600,69.26819659570668,0,0.8513066886781893,,0
1289,2015-02-18 00:00:00.000000,31.90749931335449,32.19499969482422,31.862499237060547,32.18000030517578,179566800,73.76734283068286,1,0.9020014013383779,,0
1290,2015-02-19 00:00:00.000000,32.119998931884766,32.25749969482422,32.08250045776367,32.11249923706055,149449600,73.42598078677004,1,0.9262064942732593,,0
1291,2015-02-20 00:00:00.000000,32.154998779296875,32.375,32.01250076293945,32.375,195793600,77.02465503975073,1,0.9539909220890195,0.7663634587167327,1
1292,2015-02-23 00:00:00.000000,32.505001068115234,33.25,32.415000915527344,33.25,283896400,84.9749074134763,1,1.0302134560926817,0.8224131815264902,1
1293,2015-02-24 00:00:00.000000,33.23500061035156,33.400001525878906,32.79249954223633,33.04249954223633,276912400,77.02808719592359,1,1.0623703169151746,0.8772789957441923,1
1294,2015-02-25 00:00:00.000000,32.88999938964844,32.900001525878906,32.037498474121094,32.1974983215332,298846800,55.488374676517466,0,1.0114835197305396,0.9178373146499786,1
1295,2015-02-26 00:00:00.000000,32.1974983215332,32.717498779296875,31.65250015258789,32.60499954223633,365150000,62.59105987329198,0,0.9909425159568954,0.9470331461520531,1
1296,2015-02-27 00:00:00.000000,32.5,32.64250183105469,32.060001373291016,32.1150016784668,248059200,53.316586125473485,0,0.9261834103200428,0.9616331917104645,0
1297,2015-03-02 00:00:00.000000,32.3125,32.56999969482422,32.07500076293945,32.272499084472656,192386800,52.386011288657,0,0.8768956678543738,0.9644764116189294,0
1298,2015-03-03 00:00:00.000000,32.2400016784668,32.380001068115234,32.022499084472656,32.34000015258789,151265200,54.6682586907983,0,0.833426786749115,0.9568570099979001,0
1299,2015-03-04 00:00:00.000000,32.275001525878906,32.38999938964844,32.08000183105469,32.1349983215332,126665200,50.739403487576645,0,0.7740824856645112,0.939954342374706,0
1300,2015-03-05 00:00:00.000000,32.14500045776367,32.1875,31.440000534057617,31.602500915527344,226068400,38.400491368178145,0,0.6777039035679664,0.9092557847612556,0
1301,2015-03-06 00:00:00.000000,32.099998474121094,32.342498779296875,31.565000534057617,31.649999618530277,291368400,31.150242883962818,0,0.5981476555545697,0.8612484735903543,0
1302,2015-03-09 00:00:00.000000,31.989999771118164,32.39250183105469,31.26499938964844,31.78499984741211,354114000,28.33786641726914,-1,0.5394598525499248,0.8031473108831043,0
1303,2015-03-10 00:00:00.000000,31.602500915527344,31.80500030517578,30.950000762939453,31.127500534057617,275426400,22.827724278446084,-1,0.4362858148028579,0.7392364547800285,0
1304,2015-03-11 00:00:00.000000,31.1875,31.1924991607666,30.52750015258789,30.559999465942383,275756000,17.608684439233656,-1,0.30635106813109303,0.6631707383549394,0
1305,2015-03-12 00:00:00.000000,30.57749938964844,31.225000381469727,30.40749931335449,31.112499237060547,193450800,32.73703177549538,0,0.24414556390922115,0.5873887554204037,0
1306,2015-03-13 00:00:00.000000,31.100000381469727,31.350000381469727,30.645000457763672,30.897499084472656,207309200,30.30667310069738,0,0.17585008588865847,0.5094948018686575,0
1307,2015-03-16 00:00:00.000000,30.96999931335449,31.237499237060547,30.717500686645508,31.237499237060547,143497200,37.39119059729614,0,0.14693571161322083,0.43321801574244706,0
1308,2015-03-17 00:00:00.000000,31.475000381469727,31.82999992370605,31.412500381469727,31.76000022888184,204092400,44.34598723709631,0,0.16352691324815538,0.3653785076961853,0
1309,2015-03-18 00:00:00.000000,31.75,32.290000915527344,31.592500686645508,32.11750030517578,261083600,52.2396329401329,0,0.20268824262711505,0.31259898981386847,0
1310,2015-03-19 00:00:00.000000,32.1875,32.3125,31.850000381469727,31.875,183238000,45.857939889430426,0,0.21200608476984684,0.26969437083778813,0
1311,2015-03-20 00:00:00.000000,32.0625,32.099998474121094,31.290000915527344,31.475000381469727,274780400,36.25141640730469,0,0.18543855600209724,0.2303586712213629,0
1312,2015-03-23 00:00:00.000000,31.780000686645508,31.962499618530277,31.6299991607666,31.802499771118164,150838800,36.836106539579845,0,0.18828323765658794,0.20280282931622176,0
1313,2015-03-24 00:00:00.000000,31.8075008392334,32.0099983215332,31.63999938964844,31.67250061035156,131369200,34.63668197159167,0,0.17812068598530573,0.18855500907780096,0
1314,2015-03-25 00:00:00.000000,31.63500022888184,31.70499992370605,30.84499931335449,30.84499931335449,206620800,24.684787846347817,-1,0.10287766272029941,0.1728585756123652,0
1315,2015-03-26 00:00:00.000000,30.690000534057617,31.21999931335449,30.649999618530277,31.059999465942383,190291600,34.8073183332159,0,0.0597288951755921,0.15995622108869118,0
1316,2015-03-27 00:00:00.000000,31.14249992370605,31.174999237060547,30.727500915527344,30.8125,158184800,30.5779455302023,0,0.005698097425131721,0.14426315284557015,0
1317,2015-03-30 00:00:00.000000,31.012500762939453,31.600000381469727,31.0,31.592500686645508,188398800,44.3026230652654,0,0.02495813204343733,0.12886662160060147,0
1318,2015-03-31 00:00:00.000000,31.522499084472656,31.622499465942383,31.09000015258789,31.107500076293945,168362400,38.086214803706255,0,0.0014005071697376081,0.10650131766089288,0
1319,2015-04-01 00:00:00.000000,31.20499992370605,31.280000686645508,30.774999618530277,31.0625,162485600,36.080373400153,0,-0.020631755914759964,0.08065266869593657,0
1320,2015-04-02 00:00:00.000000,31.25749969482422,31.38999938964844,31.04750061035156,31.32999992370605,128880400,37.9973280429316,0,-0.01647278271364172,0.05821807550529891,0
1321,2015-04-06 00:00:00.000000,31.11750030517578,31.877500534057617,31.082500457763672,31.837499618530277,148776000,53.85509348322346,0,0.027184493447588665,0.04031821503763232,0
1322,2015-04-07 00:00:00.000000,31.90999984741211,32.029998779296875,31.4950008392334,31.502500534057617,140049200,46.14744422489566,0,0.034519202797309134,0.024362494683410476,1
1323,2015-04-08 00:00:00.000000,31.462499618530277,31.600000381469727,31.24250030517578,31.399999618530277,149316800,45.007506426225575,0,0.0317421464978338,0.016458548436469853,1
1324,2015-04-09 00:00:00.000000,31.462499618530277,31.645000457763672,31.165000915527344,31.63999938964844,129936000,49.125619976780015,0,0.04824725615794634,0.015182810767842546,1
1325,2015-04-10 00:00:00.000000,31.487499237060547,31.802499771118164,31.315000534057617,31.774999618530277,160752000,55.37152639037677,0,0.07134332054708636,0.022476724448059728,1
1326,2015-04-13 00:00:00.000000,32.092498779296875,32.14250183105469,31.65250015258789,31.712499618530277,145460400,46.639037512957024,0,0.08366090713128571,0.028999255013376215,1
1327,2015-04-14 00:00:00.000000,31.75,31.82250022888184,31.477500915527344,31.575000762939453,102098400,43.03281341905485,0,0.08143488952218902,0.037891964163648595,1
1328,2015-04-15 00:00:00.000000,31.602500915527344,31.78249931335449,31.502500534057617,31.69499969482422,115881600,45.59826394150768,0,0.08829721485589204,0.049995183138165485,1
1329,2015-04-16 00:00:00.000000,31.56999969482422,31.774999618530277,31.52750015258789,31.542499542236328,113476000,44.90455659647303,0,0.08054567275975089,0.060775011524098,1
1330,2015-04-17 00:00:00.000000,31.387500762939453,31.53499984741211,31.114999771118164,31.1875,207828000,39.82082416473539,0,0.04533091297716396,0.06279128036071747,0
1331,2015-04-20 00:00:00.000000,31.39249992370605,32.029998779296875,31.292499542236328,31.899999618530277,188217200,54.80245672343557,0,0.07388528917889303,0.06716528995867124,1
1332,2015-04-21 00:00:00.000000,32.025001525878906,32.04999923706055,31.667499542236328,31.727500915527344,129740400,46.9043031175228,0,0.08169292771420444,0.0727153767604902,1
1333,2015-04-22 00:00:00.000000,31.747499465942383,32.217498779296875,31.57999992370605,32.154998779296875,150618000,56.75465677550237,0,0.12088947682254414,0.08078673461211218,1
1334,2015-04-23 00:00:00.000000,32.07500076293945,32.60499954223633,32.03499984741211,32.41749954223633,183083600,63.34883055113258,0,0.17110810196981063,0.0918717103257482,1
1335,2015-04-24 00:00:00.000000,32.622501373291016,32.657501220703125,32.307498931884766,32.56999969482422,178103600,61.68517315742214,0,0.22063862816659707,0.10709145710744947,1
1336,2015-04-27 00:00:00.000000,33.07749938964844,33.282501220703125,32.787498474121094,33.162498474121094,387816800,63.476939687110566,0,0.30409260667111226,0.13183120345732982,1
1337,2015-04-28 00:00:00.000000,33.6150016784668,33.6349983215332,32.39250183105469,32.63999938964844,475696000,39.20876854891223,0,0.3244097495596101,0.15806592953552073,1
1338,2015-04-29 00:00:00.000000,32.540000915527344,32.897499084472656,32.07500076293945,32.15999984741211,253544400,33.45661855713912,0,0.29840852239483695,0.18227291282830807,1
1339,2015-04-30 00:00:00.000000,32.15999984741211,32.15999984741211,31.145000457763672,31.287500381469727,332781600,24.092651805135887,-1,0.2051524169397183,0.20003085771303633,1
1340,2015-05-01 00:00:00.000000,31.524999618530277,32.532501220703125,31.325000762939453,32.23749923706055,234050400,39.93347361898081,0,0.20541646761609655,0.21464543309494782,0
1341,2015-05-04 00:00:00.000000,32.375,32.64250183105469,32.064998626708984,32.17499923706055,203953200,37.40521788487758,0,0.19830332263342854,0.22760214364152828,0
1342,2015-05-05 00:00:00.000000,32.037498474121094,32.11249923706055,31.44499969482422,31.450000762939453,197085600,30.7966190914303,0,0.13271292932444112,0.22891586058618352,0
1343,2015-05-06 00:00:00.000000,31.63999938964844,31.6875,30.84000015258789,31.252500534057617,288564000,27.14652845231126,-1,0.06407711702475893,0.2170235289256222,0
1344,2015-05-07 00:00:00.000000,31.1924991607666,31.520000457763672,31.0049991607666,31.315000534057617,175763600,30.165700276776718,0,0.01455309906696911,0.19412513680344132,0
1345,2015-05-08 00:00:00.000000,31.670000076293945,31.905000686645508,31.52750015258789,31.905000686645508,222201600,36.03338644634064,0,0.022602384607044,0.1628484454629893,0
1346,2015-05-11 00:00:00.000000,31.84749984741211,31.88999938964844,31.40749931335449,31.57999992370605,168143200,32.4520671689276,0,0.0027506456396899637,0.12710854502744262,0
1347,2015-05-12 00:00:00.000000,31.399999618530277,31.71999931335449,31.20499992370605,31.467500686645508,192640000,34.35181336947571,0,-0.021799993164240306,0.09152982107643402,0
1348,2015-05-13 00:00:00.000000,31.537500381469727,31.79750061035156,31.467500686645508,31.502500534057617,138776800,33.78336652570741,0,-0.037996490857722165,0.06451327576560731,0
1349,2015-05-14 00:00:00.000000,31.852500915527344,32.23749923706055,31.790000915527344,32.23749923706055,180814000,45.27685429837214,0,0.008333688295529385,0.042615189174433174,0
1350,2015-05-15 00:00:00.000000,32.26750183105469,32.372501373291016,32.0525016784668,32.192501068115234,152832000,43.57667930021146,0,0.04094993646477718,0.02513147960013858,1
1351,2015-05-18 00:00:00.000000,32.095001220703125,32.68000030517578,32.09000015258789,32.54750061035156,203531600,55.26954408674093,0,0.0943371131761559,0.02086750002810689,1
1352,2015-05-19 00:00:00.000000,32.67250061035156,32.720001220703125,32.40999984741211,32.51750183105469,178532800,51.08530525988202,0,0.13269757865329623,0.028491995764611033,1
1353,2015-05-20 00:00:00.000000,32.5,32.744998931884766,32.334999084472656,32.51499938964844,145819600,51.49532746407817,0,0.1610399742631543,0.04476831523085383,1
1354,2015-05-21 00:00:00.000000,32.51750183105469,32.907501220703125,32.45750045776367,32.84749984741211,158921600,60.00575179755444,0,0.20792017380217231,0.0653591806969792,1
1355,2015-05-22 00:00:00.000000,32.900001525878906,33.24250030517578,32.849998474121094,33.1349983215332,182384000,65.0450984986337,0,0.2652028448226389,0.09452053616175131,1
1356,2015-05-26 00:00:00.000000,33.150001525878906,33.227500915527344,32.279998779296875,32.404998779296875,282790400,44.52354361523493,0,0.24885265667739276,0.12459305281082164,1
1357,2015-05-27 00:00:00.000000,32.584999084472656,33.064998626708984,32.51250076293945,33.0099983215332,183332800,54.06323415457666,0,0.28144832342850634,0.16008692106484704,1
1358,2015-05-28 00:00:00.000000,32.96500015258789,32.98749923706055,32.775001525878906,32.94499969482422,122933200,53.563094915004626,0,0.2985954677327527,0.1923382298912052,1
1359,2015-05-29 00:00:00.000000,32.807498931884766,32.86249923706055,32.474998474121094,32.56999969482422,203538000,47.537555368132786,0,0.27872307698891063,0.21875746772722002,1
1360,2015-06-01 00:00:00.000000,32.56999969482422,32.84749984741211,32.51250076293945,32.6349983215332,128451200,49.33729036130144,0,0.26516044142996975,0.23773783753319933,1
1361,2015-06-02 00:00:00.000000,32.46500015258789,32.665000915527344,32.33000183105469,32.4900016784668,134670400,50.09708494521357,0,0.23994946953101248,0.24965471429739003,0
1362,2015-06-03 00:00:00.000000,32.665000915527344,32.73500061035156,32.474998474121094,32.529998779296875,123934000,45.816061872089264,0,0.22065249798423991,0.25627832804417733,0
1363,2015-06-04 00:00:00.000000,32.39500045776367,32.64500045776367,32.227500915527344,32.34000015258789,153800400,44.04668358877167,0,0.1878666200249839,0.2540501554022675,0
1364,2015-06-05 00:00:00.000000,32.375,32.42250061035156,32.09000015258789,32.162498474121094,142507200,37.577166994045996,0,0.1458825551545857,0.24079234543915046,0
1365,2015-06-08 00:00:00.000000,32.224998474121094,32.3025016784668,31.707500457763672,31.950000762939453,210699200,30.81819370410095,0,0.09437909595841631,0.2236286164703753,0
1366,2015-06-09 00:00:00.000000,31.674999237060547,32.02000045776367,31.405000686645508,31.854999542236328,224301600,39.09229779320276,0,0.04537506739241337,0.19739825468858718,0
1367,2015-06-10 00:00:00.000000,31.979999542236328,32.334999084472656,31.962499618530277,32.220001220703125,156349200,48.55768770913918,0,0.035575833718858973,0.16817385090926568,0
1368,2015-06-11 00:00:00.000000,32.29499816894531,32.54499816894531,32.119998931884766,32.147499084472656,141563600,43.73770743501719,0,0.021710356001960918,0.1396168819107157,0
1369,2015-06-12 00:00:00.000000,32.04750061035156,32.08250045776367,31.77750015258789,31.792499542236328,147544800,36.508622993507025,0,-0.01771460867771424,0.1081863207876397,0
1370,2015-06-15 00:00:00.000000,31.524999618530277,31.809999465942383,31.427499771118164,31.729999542236328,175955600,44.9488357994087,0,-0.05338615129317503,0.07559347402939665,0
1371,2015-06-16 00:00:00.000000,31.75749969482422,31.962499618530277,31.592500686645508,31.899999618530277,125976400,50.25297158522465,0,-0.0671661747522947,0.04361362150311502,0
1372,2015-06-17 00:00:00.000000,31.93000030517578,31.96999931335449,31.684999465942383,31.825000762939453,131672400,46.448126268722405,0,-0.08317904608752968,0.013497436379502403,0
1373,2015-06-18 00:00:00.000000,31.8075008392334,32.07749938964844,31.80500030517578,31.96999931335449,141628800,52.826153065866656,0,-0.08321138381687376,-0.011957445728437537,0
1374,2015-06-19 00:00:00.000000,31.927499771118164,31.95499992370605,31.600000381469727,31.649999618530277,218867600,42.78534711269302,0,-0.10781255278225998,-0.03442318447740157,0
1375,2015-06-22 00:00:00.000000,31.872499465942383,32.01499938964844,31.770000457763672,31.90250015258789,136157200,44.11049910915974,0,-0.1057179272842994,-0.051211294997036326,0
1376,2015-06-23 00:00:00.000000,31.8700008392334,31.90250015258789,31.71999931335449,31.75749969482422,121075600,40.0926229242153,0,-0.1144379157529265,-0.06787948938279026,0
1377,2015-06-24 00:00:00.000000,31.802499771118164,32.45000076293945,31.780000686645508,32.02750015258789,221123600,50.49787569469823,0,-0.09842910514447567,-0.081228318399061,0
1378,2015-06-25 00:00:00.000000,32.21500015258789,32.29999923706055,31.875,31.875,127752400,38.7597851582601,0,-0.09692912303536261,-0.09002993110546637,0
1379,2015-06-26 00:00:00.000000,31.917499542236328,31.997499465942383,31.627500534057617,31.6875,176267200,32.80738954715211,0,-0.10960540873190183,-0.09627651526532491,0
1380,2015-06-29 00:00:00.000000,31.364999771118164,31.61750030517578,31.1200008392334,31.13249969482422,196645600,27.82352128649265,-1,-0.1625582286282672,-0.10687563236265518,0
1381,2015-06-30 00:00:00.000000,31.39249992370605,31.530000686645508,31.21500015258789,31.357500076293945,177482800,27.108223478872176,-1,-0.18424535562561672,-0.11810522231133153,0
1382,2015-07-01 00:00:00.000000,31.725000381469727,31.73500061035156,31.497499465942383,31.649999618530277,120955200,25.488059365160524,-1,-0.1758051389607047,-0.12839341732731274,0
1383,2015-07-02 00:00:00.000000,31.607500076293945,31.67250061035156,31.4424991607666,31.61000061035156,108844000,25.65898273646502,-1,-0.17037956447294533,-0.13534530751516666,0
1384,2015-07-06 00:00:00.000000,31.23500061035156,31.5575008392334,31.212499618530277,31.5,112241600,41.94383802864234,0,-0.17296161073629435,-0.14281682789872166,0
1385,2015-07-07 00:00:00.000000,31.47249984741211,31.537500381469727,30.9424991607666,31.42250061035156,187787200,40.03461161358481,0,-0.17919547693964688,-0.1500121124750239,0
1386,2015-07-08 00:00:00.000000,31.1200008392334,31.15999984741211,30.63500022888184,30.64249992370605,243046400,26.661497643215483,-1,-0.24425688638233822,-0.16621519927923087,0
1387,2015-07-09 00:00:00.000000,30.962499618530277,31.01499938964844,29.80500030517578,30.01749992370605,314380000,15.124642937392721,-1,-0.342302782225957,-0.19347893918929693,0
1388,2015-07-10 00:00:00.000000,30.48500061035156,30.962499618530277,30.302499771118164,30.81999969482422,245418000,27.88813389416994,-1,-0.35120382812515416,-0.2203232080107694,0
1389,2015-07-13 00:00:00.000000,31.25749969482422,31.440000534057617,31.07999992370605,31.415000915527344,165762000,33.327204960273704,0,-0.3067124547256874,-0.2363403442438161,0
1390,2015-07-14 00:00:00.000000,31.51000022888184,31.592500686645508,31.26000022888184,31.40250015258789,127072400,31.458548630906293,0,-0.2693564172797167,-0.2457971288720494,0
1391,2015-07-15 00:00:00.000000,31.43000030517578,31.787500381469727,31.395000457763672,31.70499992370605,134596800,41.19144843463998,0,-0.21288898231769693,-0.24991755591171522,1
1392,2015-07-16 00:00:00.000000,31.934999465942383,32.14250183105469,31.837499618530277,32.127498626708984,144889600,47.24233708011516,0,-0.13251939640761634,-0.24571087057112312,1
1393,2015-07-17 00:00:00.000000,32.27000045776367,32.404998779296875,32.07749938964844,32.404998779296875,184658800,51.29723332241368,0,-0.045905415667121474,-0.23159351556343724,1
1394,2015-07-20 00:00:00.000000,32.74250030517578,33.24250030517578,32.67499923706055,33.01750183105469,235600800,58.749349837668326,0,0.07133710612874467,-0.20375656188917152,1
1395,2015-07-21 00:00:00.000000,33.212501525878906,33.22999954223633,32.58000183105469,32.6875,307025600,43.93940237067082,0,0.13605645835963287,-0.16149952358450806,1
1396,2015-07-22 00:00:00.000000,30.497499465942383,31.375,30.497499465942383,31.30500030517578,461802400,61.26764941441551,0,0.07492942186403795,-0.11514038979673084,1
1397,2015-07-23 00:00:00.000000,31.549999237060547,31.772499084472656,31.26499938964844,31.290000915527344,203998000,54.95672184648608,0,0.02498747268510826,-0.07334135637336835,1
1398,2015-07-24 00:00:00.000000,31.32999992370605,31.434999465942383,30.975000381469727,31.125,168649200,50.24791293287901,0,-0.02758781363259999,-0.0423275073630253,1
1399,2015-07-27 00:00:00.000000,30.772499084472656,30.90250015258789,30.530000686645508,30.6924991607666,177822000,48.38131121154227,0,-0.10296579311821574,-0.023839660233969637,0
1400,2015-07-28 00:00:00.000000,30.84499931335449,30.977500915527344,30.637500762939453,30.84499931335449,134472400,48.38131121154227,0,-0.14868413377670464,-0.016705788173859384,0
1401,2015-07-29 00:00:00.000000,30.787500381469727,30.875,30.5674991607666,30.747499465942383,148046800,47.21375355807075,0,-0.19058658436159348,-0.02315769794652351,0
1402,2015-07-30 00:00:00.000000,30.57999992370605,30.64249992370605,30.427499771118164,30.592500686645508,134513200,47.669132693381634,0,-0.2336086139017084,-0.044013608861477614,0
1403,2015-07-31 00:00:00.000000,30.649999618530277,30.65999984741211,30.227500915527344,30.325000762939453,171540000,37.869045766094224,0,-0.28599187903771295,-0.08371682943552845,0
1404,2015-08-03 00:00:00.000000,30.375,30.64249992370605,29.3799991607666,29.61000061035156,279904000,24.30046497410966,-1,-0.3808101224602929,-0.14114644952663133,0
1405,2015-08-04 00:00:00.000000,29.354999542236328,29.424999237060547,28.3125,28.65999984741211,496554400,17.665402324273515,-1,-0.5265409269916503,-0.20797648828837445,0
1406,2015-08-05 00:00:00.000000,28.237499237060547,29.36000061035156,28.024999618530277,28.850000381469727,397250400,35.55787925541128,0,-0.6195604024230761,-0.2795929188559505,0
1407,2015-08-06 00:00:00.000000,28.99250030517578,29.125,28.530000686645508,28.78249931335449,211612000,32.74294542415211,0,-0.6907630246163734,-0.3532790534097031,0
1408,2015-08-07 00:00:00.000000,28.645000457763672,29.0625,28.625,28.8799991607666,154681600,38.98022183211051,0,-0.7308988939733005,-0.42304939794915697,0
1409,2015-08-10 00:00:00.000000,29.13249969482422,29.997499465942383,29.13249969482422,29.93000030517578,219806400,55.235773049222004,0,-0.6702549011599856,-0.4810017054361882,0
1410,2015-08-11 00:00:00.000000,29.45249938964844,29.545000076293945,28.332500457763672,28.372499465942383,388331200,39.000968206890114,0,-0.7393477579155423,-0.5419751691644047,0
1411,2015-08-12 00:00:00.000000,28.13249969482422,28.854999542236328,27.40749931335449,28.809999465942383,404870000,49.70169590773586,0,-0.7501546547395535,-0.5993691737019431,0
1412,2015-08-13 00:00:00.000000,29.01000022888184,29.100000381469727,28.63500022888184,28.787500381469727,194143200,46.60371069759866,0,-0.7518676042533876,-0.6511331431703513,0
1413,2015-08-14 00:00:00.000000,28.57999992370605,29.07749938964844,28.502500534057617,28.989999771118164,171718000,52.85215450131109,0,-0.7284876530598439,-0.6897639799036348,0
1414,2015-08-17 00:00:00.000000,29.01000022888184,29.412500381469727,28.875,29.290000915527344,163538800,56.832669723173844,0,-0.6779365784853546,-0.7065857189584909,1
1415,2015-08-18 00:00:00.000000,29.107500076293945,29.36000061035156,29.002500534057617,29.125,138242800,57.09389876422479,0,-0.6437676613325891,-0.7092754143928812,1
1416,2015-08-19 00:00:00.000000,29.024999618530277,29.1299991607666,28.670000076293945,28.752500534057617,193146000,51.494935901829585,0,-0.6393756781013948,-0.7035657092245502,1
1417,2015-08-20 00:00:00.000000,28.520000457763672,28.587499618530277,27.90749931335449,28.162500381469727,274006400,44.8386840960709,0,-0.6757136713469087,-0.6974340178216178,1
1418,2015-08-21 00:00:00.000000,27.607500076293945,27.975000381469727,26.412500381469727,26.440000534057617,513102000,30.152316573547992,0,-0.8338900269317939,-0.7156156984629298,0
1419,2015-08-24 00:00:00.000000,23.717500686645508,27.200000762939453,23.0,25.780000686645508,648825200,58.11601747179649,0,-1.0009637117858539,-0.7446841377818534,0
1420,2015-08-25 00:00:00.000000,27.77750015258789,27.77750015258789,25.875,25.934999465942383,414406400,41.13909451456123,0,-1.1080903581835138,-0.7844547714978489,0
1421,2015-08-26 00:00:00.000000,26.772499084472656,27.47249984741211,26.262500762939453,27.42250061035156,387098400,47.39441559110138,0,-1.0607329750374035,-0.8187731460294062,0
1422,2015-08-27 00:00:00.000000,28.0575008392334,28.309999465942383,27.5049991607666,28.229999542236328,338464400,49.05234572511236,0,-0.9471257964358166,-0.843066273071181,0
1423,2015-08-28 00:00:00.000000,28.042499542236328,28.32749938964844,27.88500022888184,28.32250022888184,212657600,51.89204555675856,0,-0.839944912460485,-0.8610671990684177,1
1424,2015-08-31 00:00:00.000000,28.00749969482422,28.63249969482422,28.0,28.190000534057617,224917200,53.82751007527734,0,-0.7569690130022764,-0.8736451270317163,1
1425,2015-09-01 00:00:00.000000,27.537500381469727,27.96999931335449,26.84000015258789,26.93000030517578,307383600,46.62309392940576,0,-0.7838455887945166,-0.8896973393309521,1
1426,2015-09-02 00:00:00.000000,27.5575008392334,28.084999084472656,27.28249931335449,28.084999084472656,247555200,52.93441853672224,0,-0.7038335555854935,-0.8928217709130171,1
1427,2015-09-03 00:00:00.000000,28.122499465942383,28.19499969482422,27.51000022888184,27.592500686645508,212935600,46.5530087692085,0,-0.6724127146282015,-0.8748798473237289,1
1428,2015-09-04 00:00:00.000000,27.24250030517578,27.612499237060547,27.127500534057617,27.3174991607666,199985200,47.58473377307591,0,-0.6620698264599234,-0.8372249711764034,1
1429,2015-09-08 00:00:00.000000,27.9375,28.13999938964844,27.57999992370605,28.07749938964844,219374400,49.67704479799514,0,-0.5857947683823816,-0.7791921278651665,1
1430,2015-09-09 00:00:00.000000,28.440000534057617,28.5049991607666,27.4424991607666,27.537500381469727,340043200,38.30390156685202,0,-0.562436161091469,-0.7238258152045071,1
1431,2015-09-10 00:00:00.000000,27.5674991607666,28.31999969482422,27.475000381469727,28.14249992370605,251571200,47.19173135615841,0,-0.4894637246516389,-0.672974473895154,1
1432,2015-09-11 00:00:00.000000,27.94750022888184,28.552499771118164,27.940000534057617,28.552499771118164,199662000,55.052701611671125,0,-0.3940071558888967,-0.6234258342760887,1
1433,2015-09-14 00:00:00.000000,29.145000457763672,29.22249984741211,28.71500015258789,28.82749938964844,233453600,50.50063013781189,0,-0.2927918713347992,-0.5718505963130356,1
1434,2015-09-15 00:00:00.000000,28.982500076293945,29.13249969482422,28.604999542236328,29.06999969482422,173364800,51.76877140970601,0,-0.19081075612585963,-0.5059578371276293,1
1435,2015-09-16 00:00:00.000000,29.0625,29.13500022888184,28.86000061035156,29.102500915527344,148694000,52.411871062065096,0,-0.10614385388822001,-0.4395478702723767,1
1436,2015-09-17 00:00:00.000000,28.915000915527344,29.122499465942383,28.43000030517578,28.479999542236328,256450400,44.89975151138755,0,-0.08825795164005967,-0.3746417854959165,1
1437,2015-09-18 00:00:00.000000,28.052499771118164,28.575000762939453,27.967500686645508,28.362499237060547,297141200,50.70898476332135,0,-0.08261222709128901,-0.3102576077882904,1
1438,2015-09-21 00:00:00.000000,28.417499542236328,28.842500686645508,28.415000915527344,28.802499771118164,200888000,57.17854325188772,0,-0.04214776003214027,-0.2498523846382636,1
1439,2015-09-22 00:00:00.000000,28.34499931335449,28.545000076293945,28.1299991607666,28.350000381469727,201384800,57.26261778917449,0,-0.04606130363166727,-0.1924774004760634,1
1440,2015-09-23 00:00:00.000000,28.40749931335449,28.68000030517578,28.325000762939453,28.57999992370605,143026800,60.36011687374332,0,-0.03025502623542664,-0.14145421176315093,1
1441,2015-09-24 00:00:00.000000,28.3125,28.875,28.092500686645508,28.75,200878000,67.29649682591831,0,-0.003965153382154085,-0.09811621148462397,1
1442,2015-09-25 00:00:00.000000,29.11000061035156,29.17250061035156,28.5049991607666,28.677499771118164,224607600,56.099183020155955,0,0.0108940216017821,-0.0643733344916705,1
1443,2015-09-28 00:00:00.000000,28.462499618530277,28.64249992370605,28.11000061035156,28.11000061035156,208436000,48.508844073967964,0,-0.022858885934439854,-0.04571201558151275,1
1444,2015-09-29 00:00:00.000000,28.207500457763672,28.377500534057617,26.96500015258789,27.26499938964844,293461600,34.223263091053,0,-0.11645044089073409,-0.04685719191512542,0
1445,2015-09-30 00:00:00.000000,27.542499542236328,27.88500022888184,27.1825008392334,27.575000762939453,265892000,34.98508890288856,0,-0.16372064428879796,-0.05524193554276301,0
1446,2015-10-01 00:00:00.000000,27.26749992370605,27.405000686645508,26.82749938964844,27.395000457763672,255716400,38.22374740149728,0,-0.21324893352958796,-0.06975712514701844,0
1447,2015-10-02 00:00:00.000000,27.002500534057617,27.752500534057617,26.887500762939453,27.59499931335449,232079200,51.2459925116524,0,-0.23366864304329127,-0.09103722325936855,0
1448,2015-10-05 00:00:00.000000,27.46999931335449,27.842500686645508,27.26749992370605,27.69499969482422,208258800,55.36839604223737,0,-0.239026864839456,-0.11247784117134509,0
1449,2015-10-06 00:00:00.000000,27.65749931335449,27.934999465942383,27.4424991607666,27.82749938964844,192787200,58.43252864950098,0,-0.22993117633528115,-0.1346640800713289,0
1450,2015-10-07 00:00:00.000000,27.934999465942383,27.9424991607666,27.352500915527344,27.69499969482422,187062400,52.5550734533144,0,-0.230754398991607,-0.1598628851390459,0
1451,2015-10-08 00:00:00.000000,27.54750061035156,27.54750061035156,27.052499771118164,27.375,247918400,48.50856210064409,0,-0.25429672752273547,-0.18932852393065897,0
1452,2015-10-09 00:00:00.000000,27.5,28.06999969482422,27.372499465942383,28.030000686645508,211064400,59.549854412962056,0,-0.21759285091421532,-0.21096563115063402,0
1453,2015-10-12 00:00:00.000000,28.1825008392334,28.1875,27.86000061035156,27.899999618530277,121868800,52.611487360618874,0,-0.19672701468413223,-0.2198852504610116,1
1454,2015-10-13 00:00:00.000000,27.70499992370605,28.112499237060547,27.670000076293945,27.94750022888184,132197200,57.51444084388595,0,-0.17434801239561537,-0.22106606913954685,1
1455,2015-10-14 00:00:00.000000,27.82250022888184,27.8799991607666,27.38999938964844,27.552499771118164,177849600,50.76662660134545,0,-0.1863377350607145,-0.2180759359763387,1
1456,2015-10-15 00:00:00.000000,27.732500076293945,28.024999618530277,27.622499465942383,27.96500015258789,150694000,55.90665765658755,0,-0.1607018788530361,-0.209968517732977,1
1457,2015-10-16 00:00:00.000000,27.94499969482422,28.0,27.63249969482422,27.76000022888184,156930400,51.016610659412166,0,-0.15513871300488802,-0.20064761197358058,1
1458,2015-10-19 00:00:00.000000,27.700000762939453,27.9375,27.52750015258789,27.9325008392334,119036800,56.53023674853098,0,-0.13525141469623847,-0.19012763845813138,1
1459,2015-10-20 00:00:00.000000,27.834999084472656,28.542499542236328,27.70499992370605,28.4424991607666,195871200,67.54435749582683,0,-0.07744525130580016,-0.17309328871526397,1
1460,2015-10-21 00:00:00.000000,28.5,28.895000457763672,28.424999237060547,28.440000534057617,167180800,65.64879430213192,0,-0.03147227587416879,-0.14833501630986767,1
1461,2015-10-22 00:00:00.000000,28.582500457763672,28.875,28.524999618530277,28.875,166616400,70.33218573072179,1,0.03960590263078956,-0.11975737702708934,1
1462,2015-10-23 00:00:00.000000,29.174999237060547,29.8075008392334,29.082500457763672,29.770000457763672,237467600,77.52449687344,1,0.1662386233891695,-0.07942786168561138,1
1463,2015-10-26 00:00:00.000000,29.520000457763672,29.53249931335449,28.729999542236328,28.81999969482422,265335200,58.3291113583405,0,0.18777430857803168,-0.03919204824409503,1
1464,2015-10-27 00:00:00.000000,28.850000381469727,29.13500022888184,28.497499465942383,28.637500762939453,279537600,53.67400672790555,0,0.18794880045735596,0.002395344591246129,1
1465,2015-10-28 00:00:00.000000,29.232500076293945,29.825000762939453,29.01499938964844,29.8174991607666,342205600,63.0428762277509,0,0.28007456047431134,0.05137050451650696,1
1466,2015-10-29 00:00:00.000000,29.674999237060547,30.17250061035156,29.5674991607666,30.13249969482422,204909200,68.74643883441102,0,0.3741893747775329,0.1101847364923315,1
1467,2015-10-30 00:00:00.000000,30.247499465942383,30.30500030517578,29.862499237060547,29.875,197461200,60.04122188898334,0,0.4231205017528836,0.17222606054223397,1
1468,2015-11-02 00:00:00.000000,30.200000762939453,30.34000015258789,29.90250015258789,30.295000076293945,128813200,61.47669687594292,0,0.4901392454634852,0.2352910046277101,1
1469,2015-11-03 00:00:00.000000,30.19750022888184,30.872499465942383,30.174999237060547,30.64249992370605,182076000,67.74038062602543,0,0.56478195908727,0.3015414751789811,1
1470,2015-11-04 00:00:00.000000,30.78249931335449,30.95499992370605,30.405000686645508,30.5,179544400,60.53112181059215,0,0.605458941375197,0.3644140350394708,1
1471,2015-11-05 00:00:00.000000,30.462499618530277,30.67250061035156,30.045000076293945,30.229999542236328,158210800,54.97511532989922,0,0.6088900581982131,0.4135975277960312,1
1472,2015-11-06 00:00:00.000000,30.27750015258789,30.45249938964844,30.155000686645508,30.26499938964844,132169200,54.66383944277101,0,0.6074313474774726,0.46022608767374684,1
1473,2015-11-09 00:00:00.000000,30.239999771118164,30.45249938964844,30.012500762939453,30.14249992370605,135485600,52.013446389117235,0,0.5895941517102905,0.504853348924073,1
1474,2015-11-10 00:00:00.000000,29.225000381469727,29.51749992370605,29.01499938964844,29.1924991607666,236511600,51.061209732221656,0,0.4931165863479521,0.5285246851322553,0
1475,2015-11-11 00:00:00.000000,29.092500686645508,29.354999542236328,28.802499771118164,29.02750015258789,180872000,48.991473851030634,0,0.39874687459294833,0.5312532962228569,0
1476,2015-11-12 00:00:00.000000,29.065000534057617,29.20499992370605,28.912500381469727,28.93000030517578,130102400,44.65388335081272,0,0.3124886015625741,0.5189608628683781,0
1477,2015-11-13 00:00:00.000000,28.799999237060547,28.89249992370605,28.0674991607666,28.084999084472656,183249600,28.97603315179971,-1,0.17393870785648247,0.48382746980093333,0
1478,2015-11-16 00:00:00.000000,27.84499931335449,28.559999465942383,27.75,28.545000076293945,152426800,49.145584226027246,0,0.10010124829527811,0.43219627971293423,0
1479,2015-11-17 00:00:00.000000,28.729999542236328,28.762500762939453,28.32999992370605,28.42250061035156,110467600,42.96164498404286,0,0.031338595045180995,0.36840513012071024,0
1480,2015-11-18 00:00:00.000000,28.940000534057617,29.372499465942383,28.875,29.32250022888184,186698800,51.68694893570273,0,0.04890242546877488,0.3061842820396616,0
1481,2015-11-19 00:00:00.000000,29.40999984741211,29.9375,29.190000534057617,29.69499969482422,173183200,57.30232951157465,0,0.09182102487760346,0.24889424619523165,0
1482,2015-11-20 00:00:00.000000,29.799999237060547,29.979999542236328,29.712499618530277,29.825000762939453,137148400,57.798817950959695,0,0.13477076999770787,0.1983583148938336,0
1483,2015-11-23 00:00:00.000000,29.8174991607666,29.9325008392334,29.334999084472656,29.4375,129930000,48.00868108395347,0,0.13597326498618045,0.15867572363141452,0
1484,2015-11-24 00:00:00.000000,29.332500457763672,29.837499618530277,29.280000686645508,29.71999931335449,171212800,56.6485827588228,0,0.1579013950248047,0.13191511479050966,1
1485,2015-11-25 00:00:00.000000,29.802499771118164,29.8075008392334,29.479999542236328,29.50749969482422,85553200,49.432664623517226,0,0.15633057163443453,0.11456422257627194,1
1486,2015-11-27 00:00:00.000000,29.57250022888184,29.602500915527344,29.399999618530277,29.45249938964844,52185600,46.643926628833334,0,0.1489308359248085,0.11178557013941928,1
1487,2015-11-30 00:00:00.000000,29.497499465942383,29.852500915527344,29.4375,29.575000762939453,156721200,48.79653791425596,0,0.1512082938209467,0.11746413075338245,1
1488,2015-12-01 00:00:00.000000,29.6875,29.70249938964844,29.21500015258789,29.334999084472656,139409600,40.27016462759474,0,0.13212402278350055,0.12866251161319575,1
1489,2015-12-02 00:00:00.000000,29.334999084472656,29.52750015258789,29.020000457763672,29.06999969482422,133546400,34.96985018557517,0,0.09452671960525905,0.13373187762836064,0
1490,2015-12-03 00:00:00.000000,29.137500762939453,29.19750022888184,28.55500030517578,28.799999237060547,166278000,29.30226348129972,-1,0.042454417741250694,0.1282466990576548,0
1491,2015-12-04 00:00:00.000000,28.82250022888184,29.8125,28.77750015258789,29.75749969482422,231108000,53.4291797553535,0,0.077555021046809,0.12188939361866602,0
1492,2015-12-07 00:00:00.000000,29.7450008392334,29.96500015258789,29.45249938964844,29.56999969482422,128336800,49.761690375223814,0,0.08921441104877204,0.11669396540339842,0
1493,2015-12-08 00:00:00.000000,29.3799991607666,29.649999618530277,29.21500015258789,29.5575008392334,137238000,53.497431563262325,0,0.09633551262371398,0.10985331180327723,0
1494,2015-12-09 00:00:00.000000,29.40999984741211,29.42250061035156,28.770000457763672,28.905000686645508,185445600,43.00071367761025,0,0.0487655890125005,0.09790164706750677,0
1495,2015-12-10 00:00:00.000000,29.01000022888184,29.23500061035156,28.877500534057617,29.042499542236328,116850800,43.819252982744125,0,0.021908542201025227,0.0837880588759753,0
1496,2015-12-11 00:00:00.000000,28.79750061035156,28.84749984741211,28.212499618530277,28.295000076293945,187544800,34.88236537171569,0,-0.0590125600436906,0.06043018622434894,0
1497,2015-12-14 00:00:00.000000,28.045000076293945,28.170000076293945,27.44750022888184,28.1200008392334,257274800,37.09192036436245,0,-0.13569982918509282,0.030671980450060785,0
1498,2015-12-15 00:00:00.000000,27.98500061035156,28.200000762939453,27.587499618530277,27.622499465942383,213292400,31.189773330156925,0,-0.23392272956226634,-0.00582240279077537,0
1499,2015-12-16 00:00:00.000000,27.76749992370605,27.997499465942383,27.200000762939453,27.834999084472656,224954000,33.46445851654791,0,-0.2912606708952019,-0.04290185708371455,0
1500,2015-12-17 00:00:00.000000,28.0049991607666,28.0625,27.2450008392334,27.2450008392334,179091200,23.410433956199427,-1,-0.37992973622586845,-0.09373349678067872,0
1501,2015-12-18 00:00:00.000000,27.227500915527344,27.3799991607666,26.45249938964844,26.50749969482422,385813200,17.622815022765394,-1,-0.5039021177835323,-0.1596353333176014,0
1502,2015-12-21 00:00:00.000000,26.81999969482422,26.842500686645508,26.39249992370605,26.832500457763672,190362400,18.028793476731252,-1,-0.5693630156324581,-0.23360183645717608,0
1503,2015-12-22 00:00:00.000000,26.850000381469727,26.93000030517578,26.612499237060547,26.8075008392334,131157600,17.686859386714303,-1,-0.6161558479900151,-0.30748199612412225,0
1504,2015-12-23 00:00:00.000000,26.8174991607666,27.212499618530277,26.799999237060547,27.15250015258789,130629600,29.796809031181397,-1,-0.6182738673042429,-0.3786133749580409,0
1505,2015-12-24 00:00:00.000000,27.25,27.25,26.987499237060547,27.00749969482422,54281600,26.536017641004847,-1,-0.6244544161311438,-0.4414402478566469,0
1506,2015-12-28 00:00:00.000000,26.897499084472656,26.92250061035156,26.545000076293945,26.70499992370605,106816800,24.118508306634965,-1,-0.6463114725837293,-0.4981748749009398,0
1507,2015-12-29 00:00:00.000000,26.739999771118164,27.357500076293945,26.71500015258789,27.184999465942383,123724800,38.953078280087375,0,-0.6177800124824522,-0.5408256841142938,0
1508,2015-12-30 00:00:00.000000,27.145000457763672,27.174999237060547,26.795000076293945,26.82999992370605,100855200,33.58963310617182,0,-0.6167051280552158,-0.5769861793542953,0
1509,2015-12-31 00:00:00.000000,26.752500534057617,26.75749969482422,26.20499992370605,26.315000534057617,163649200,27.51767836128613,-1,-0.6499175757146638,-0.6069848281863837,0
1510,2016-01-04 00:00:00.000000,25.65250015258789,26.342500686645508,25.5,26.337499618530277,270597600,45.361321686491934,0,-0.6667374573059384,-0.6250776436888733,0
1511,2016-01-05 00:00:00.000000,26.4375,26.462499618530277,25.602500915527344,25.677499771118164,223164000,34.49126216604404,0,-0.7249668398667666,-0.6423669574926854,0
1512,2016-01-06 00:00:00.000000,25.13999938964844,25.592500686645508,24.967500686645508,25.174999237060547,273829600,35.31492719661318,0,-0.8024119331923991,-0.663062078070728,0
1513,2016-01-07 00:00:00.000000,24.670000076293945,25.03249931335449,24.107500076293945,24.112499237060547,324377600,28.685932773205764,-1,-0.9387018273605143,-0.698665184743647,0
1514,2016-01-08 00:00:00.000000,24.637500762939453,24.77750015258789,24.190000534057617,24.239999771118164,283192000,24.848581641867924,-1,-1.024613219494615,-0.7431272740062549,0
1515,2016-01-11 00:00:00.000000,24.74250030517578,24.76499938964844,24.334999084472656,24.63249969482422,198957600,23.830684564508914,-1,-1.0489356756691564,-0.7878632965713024,0
1516,2016-01-12 00:00:00.000000,25.137500762939453,25.17250061035156,24.709999084472656,24.989999771118164,196616800,22.410325398786995,-1,-1.027519523612181,-0.8333899089190501,0
1517,2016-01-13 00:00:00.000000,25.07999992370605,25.29750061035156,24.325000762939453,24.34749984741211,249758400,16.70511397144847,-1,-1.0502844179666972,-0.8815653855758813,0
1518,2016-01-14 00:00:00.000000,24.489999771118164,25.1200008392334,23.934999465942383,24.8799991607666,252680400,27.970321955220953,-1,-1.013672530577857,-0.9219826027829028,0
1519,2016-01-15 00:00:00.000000,24.049999237060547,24.427499771118164,23.84000015258789,24.28249931335449,319335600,34.10097765610354,0,-1.021099985122735,-0.961356216984769,0
1520,2016-01-19 00:00:00.000000,24.602500915527344,24.662500381469727,23.875,24.165000915527344,212350800,28.782091788393686,-1,-1.0246558403720805,-0.9946549948186928,0
1521,2016-01-20 00:00:00.000000,23.774999618530277,24.54750061035156,23.354999542236328,24.19750022888184,289337600,39.32707647099873,0,-1.0131722393990685,-1.0180728066194338,1
1522,2016-01-21 00:00:00.000000,24.26499938964844,24.46999931335449,23.73500061035156,24.075000762939453,208646000,36.5211744443806,0,-1.002401030897616,-1.025150495901334,1
1523,2016-01-22 00:00:00.000000,24.65749931335449,25.364999771118164,24.592500686645508,25.354999542236328,263202000,51.253363781916335,0,-0.8804305116960904,-1.0091301950348313,1
1524,2016-01-25 00:00:00.000000,25.3799991607666,25.38249969482422,24.802499771118164,24.86000061035156,207178000,42.72401043519434,0,-0.8143232616963516,-0.983062149037853,1
1525,2016-01-26 00:00:00.000000,24.982500076293945,25.21999931335449,24.51749992370605,24.997499465942383,300308000,43.03950136369635,0,-0.7422812253726612,-0.9513690047890174,1
1526,2016-01-27 00:00:00.000000,24.01000022888184,24.15749931335449,23.334999084472656,23.354999542236328,533478800,33.68927685873311,0,-0.808404624032061,-0.9244934721296134,1
1527,2016-01-28 00:00:00.000000,23.44750022888184,23.6299991607666,23.09749984741211,23.522499084472656,222715200,35.539438529563526,0,-0.8376363304595138,-0.9049338943386864,1
1528,2016-01-29 00:00:00.000000,23.69750022888184,24.334999084472656,23.587499618530277,24.334999084472656,257666000,49.38918757242618,0,-0.7861781366238283,-0.8788314667276969,1
1529,2016-02-01 00:00:00.000000,24.11750030517578,24.177499771118164,23.850000381469727,24.107500076293945,163774000,49.19786223433605,0,-0.7550506619020432,-0.8488753357865816,1
1530,2016-02-02 00:00:00.000000,23.854999542236328,24.01000022888184,23.56999969482422,23.6200008392334,149428800,44.521444627519195,0,-0.7609473013089314,-0.8208503426654552,1
1531,2016-02-03 00:00:00.000000,23.75,24.209999084472656,23.520000457763672,24.087499618530277,183857200,52.07099663164865,0,-0.7196020614783301,-0.7894282349522013,1
1532,2016-02-04 00:00:00.000000,23.96500015258789,24.332500457763672,23.79750061035156,24.149999618530277,185886800,55.86923799397245,0,-0.6740227190325285,-0.766494035767361,1
1533,2016-02-05 00:00:00.000000,24.1299991607666,24.229999542236328,23.42250061035156,23.5049991607666,185672400,42.683565136189976,0,-0.6820842653530867,-0.7518008139514427,1
1534,2016-02-08 00:00:00.000000,23.28249931335449,23.924999237060547,23.26000022888184,23.752500534057617,216085600,52.42597358188266,0,-0.6608835523271601,-0.7427566280574981,1
1535,2016-02-09 00:00:00.000000,23.57250022888184,23.98500061035156,23.482500076293945,23.747499465942383,177324800,55.66364121204299,0,-0.6371408161891345,-0.7237273160749508,1
1536,2016-02-10 00:00:00.000000,23.979999542236328,24.087499618530277,23.524999618530277,23.5674991607666,169374400,46.969707653223615,0,-0.6256370920861443,-0.7001718451445763,1
1537,2016-02-11 00:00:00.000000,23.44750022888184,23.68000030517578,23.147499084472656,23.424999237060547,200298800,46.51247277881356,0,-0.6208619506768258,-0.6818033800393538,1
1538,2016-02-12 00:00:00.000000,23.54750061035156,23.625,23.252500534057617,23.497499465942383,161405600,45.37978525638104,0,-0.6042618991146007,-0.6650490730629713,1
1539,2016-02-16 00:00:00.000000,23.7549991607666,24.212499618530277,23.65250015258789,24.15999984741211,196231600,55.506355696070976,0,-0.5315209519611095,-0.6395572564687689,1
1540,2016-02-17 00:00:00.000000,24.167499542236328,24.552499771118164,24.037500381469727,24.530000686645508,179452800,62.65664822272654,0,-0.4389572261198822,-0.608374496984497,1
1541,2016-02-18 00:00:00.000000,24.709999084472656,24.72249984741211,24.022499084472656,24.065000534057617,156084000,47.11270679331568,0,-0.39852745619898755,-0.5777639122252146,1
1542,2016-02-19 00:00:00.000000,24.0,24.190000534057617,23.950000762939453,24.01000022888184,141496800,47.34638665154944,0,-0.36669757583266716,-0.5427209467229458,1
1543,2016-02-22 00:00:00.000000,24.07749938964844,24.225000381469727,23.979999542236328,24.21999931335449,137123200,50.91248706263669,0,-0.3208286819072299,-0.5049370722318424,1
1544,2016-02-23 00:00:00.000000,24.100000381469727,24.125,23.637500762939453,23.67250061035156,127770400,41.24333618117534,0,-0.3249104571873147,-0.4702448101205291,1
1545,2016-02-24 00:00:00.000000,23.4950008392334,24.09499931335449,23.32999992370605,24.024999618530277,145022800,53.7958770683648,0,-0.29628616700608745,-0.43365026288941166,1
1546,2016-02-25 00:00:00.000000,24.012500762939453,24.190000534057617,23.8125,24.190000534057617,110330800,57.31939074054045,0,-0.25732078210094045,-0.39325679971431327,1
1547,2016-02-26 00:00:00.000000,24.299999237060547,24.5049991607666,24.145000457763672,24.227500915527344,115964400,55.33082285892892,0,-0.22086843264715483,-0.35065752566237485,1
1548,2016-02-29 00:00:00.000000,24.21500015258789,24.5575008392334,24.162500381469727,24.17250061035156,140865200,54.062187885823896,0,-0.19417936915505152,-0.31317512757281285,1
1549,2016-03-01 00:00:00.000000,24.412500381469727,25.1924991607666,24.354999542236328,25.13249969482422,201628400,68.27922454137662,0,-0.09447514038625116,-0.2748993402690761,1
1550,2016-03-02 00:00:00.000000,25.127500534057617,25.22249984741211,24.90999984741211,25.1875,132678400,69.19588955730434,0,-0.010895163128100904,-0.23182908548342201,1
1551,2016-03-03 00:00:00.000000,25.145000457763672,25.427499771118164,25.112499237060547,25.375,147822800,72.68700122301318,1,0.06966915139536667,-0.18334389356919603,1
1552,2016-03-04 00:00:00.000000,25.592500686645508,25.9375,25.342500686645508,25.752500534057617,184220400,74.96446966410528,1,0.16210939310644434,-0.12968410745656556,1
1553,2016-03-07 00:00:00.000000,25.59749984741211,25.707500457763672,25.239999771118164,25.467500686645508,143315600,69.52922314792427,0,0.20995165285424022,-0.07025498411861501,1
1554,2016-03-08 00:00:00.000000,25.19499969482422,25.440000534057617,25.100000381469727,25.25749969482422,126247600,70.70739630784229,1,0.22829007749481534,-0.01196873472962581,1
1555,2016-03-09 00:00:00.000000,25.32749938964844,25.395000457763672,25.0674991607666,25.280000686645508,108806800,68.38861884089481,0,0.24185114369735317,0.0434948125812957,1
1556,2016-03-10 00:00:00.000000,25.352500915527344,25.559999465942383,25.037500381469727,25.292499542236328,134054400,65.268814919076,0,0.25071683198054373,0.09589317531770665,1
1557,2016-03-11 00:00:00.000000,25.559999465942383,25.56999969482422,25.375,25.565000534057617,109632800,65.4205239246421,0,0.27654368303543464,0.14819573667220512,1
1558,2016-03-14 00:00:00.000000,25.477500915527344,25.727500915527344,25.44499969482422,25.6299991607666,100304400,70.02702883598009,1,0.2988119760714305,0.19189430516750308,1
1559,2016-03-15 00:00:00.000000,25.989999771118164,26.295000076293945,25.962499618530277,26.145000457763672,160270800,74.07702533285868,1,0.3539361042635498,0.23243111265546426,1
1560,2016-03-16 00:00:00.000000,26.15250015258789,26.57749938964844,26.147499084472656,26.49250030517578,153214000,80.68323830457186,1,0.42081184945618233,0.2714469679955549,1
1561,2016-03-17 00:00:00.000000,26.3799991607666,26.61750030517578,26.239999771118164,26.450000762939453,137682800,81.78592379295853,1,0.46502152281109943,0.30510387129607214,1
1562,2016-03-18 00:00:00.000000,26.584999084472656,26.625,26.29750061035156,26.479999542236328,176820800,74.43222756213623,1,0.49675240572161883,0.33697062161466973,1
1563,2016-03-21 00:00:00.000000,26.482500076293945,26.912500381469727,26.28499984741211,26.477500915527344,142010800,74.06637523837583,1,0.5157524673445124,0.368910887153525,1
1564,2016-03-22 00:00:00.000000,26.3125,26.82250022888184,26.302499771118164,26.68000030517578,129777600,81.69719209629258,1,0.5409148319791655,0.40214018585150413,1
1565,2016-03-23 00:00:00.000000,26.6200008392334,26.76749992370605,26.475000381469727,26.53249931335449,102814000,75.58692343812238,1,0.5426982028503637,0.43458256039259524,1
1566,2016-03-24 00:00:00.000000,26.36750030517578,26.5625,26.22249984741211,26.417499542236328,104532000,76.7341967335143,1,0.5287370649215752,0.4626040472688331,1
1567,2016-03-28 00:00:00.000000,26.5,26.54750061035156,26.26499938964844,26.29750061035156,77645600,62.91698213782389,0,0.5022007934607409,0.4852028047565342,1
1568,2016-03-29 00:00:00.000000,26.22249984741211,26.94750022888184,26.21999931335449,26.920000076293945,124760400,78.3854290951009,1,0.5253452584754221,0.5042482663356311,1
1569,2016-03-30 00:00:00.000000,27.162500381469727,27.604999542236328,27.149999618530277,27.38999938964844,182404400,81.31817245818961,1,0.5749843684998979,0.5213785462293773,1
1570,2016-03-31 00:00:00.000000,27.43000030517578,27.475000381469727,27.21999931335449,27.247499465942383,103553600,72.24482669707939,1,0.5959553654203269,0.535926750963736,1
1571,2016-04-01 00:00:00.000000,27.19499969482422,27.5,27.049999237060547,27.497499465942383,103496000,77.12605402006872,1,0.6255371394693761,0.5502361658245979,1
1572,2016-04-04 00:00:00.000000,27.604999542236328,28.04750061035156,27.5674991607666,27.780000686645508,149424800,79.52921732036002,1,0.66412082461202,0.566721538854321,1
1573,2016-04-05 00:00:00.000000,27.377500534057617,27.6825008392334,27.354999542236328,27.45249938964844,106314800,80.5401966888735,1,0.6606564194840416,0.580026159688196,1
1574,2016-04-06 00:00:00.000000,27.5575008392334,27.7450008392334,27.299999237060547,27.739999771118164,105616400,82.90995784389118,1,0.6733477972413695,0.5945427812871967,1
1575,2016-04-07 00:00:00.000000,27.487499237060547,27.604999542236328,27.030000686645508,27.13500022888184,127207600,65.21148803468597,0,0.6273556334580128,0.6055004000134675,1
1576,2016-04-08 00:00:00.000000,27.227500915527344,27.4424991607666,27.042499542236328,27.165000915527344,94326800,62.48276600833668,0,0.5865657521241019,0.6148742843093965,0
1577,2016-04-11 00:00:00.000000,27.24250030517578,27.65250015258789,27.207500457763672,27.2549991607666,117630000,62.84154824778373,0,0.5551027050908388,0.6181806672666651,0
1578,2016-04-12 00:00:00.000000,27.334999084472656,27.625,27.165000915527344,27.61000061035156,108929200,70.10053900761366,1,0.5524454168677373,0.6156763393075361,0
1579,2016-04-13 00:00:00.000000,27.700000762939453,28.084999084472656,27.700000762939453,28.01000022888184,133029200,76.1584942749991,1,0.5759766231065946,0.6134564790504548,0
1580,2016-04-14 00:00:00.000000,27.905000686645508,28.09749984741211,27.832500457763672,28.024999618530277,101895600,78.13699786066276,1,0.5890454496974868,0.6094018468535781,0
1581,2016-04-15 00:00:00.000000,28.02750015258789,28.075000762939453,27.4325008392334,27.462499618530277,187756000,53.85638111715991,0,0.5476999953211781,0.5964661991545958,0
1582,2016-04-18 00:00:00.000000,27.22249984741211,27.237499237060547,26.73500061035156,26.8700008392334,243286000,44.01121036004811,0,0.4618003777859272,0.5743710834103608,0
1583,2016-04-19 00:00:00.000000,26.96999931335449,27.0,26.5575008392334,26.727500915527344,129539600,38.43418473830946,0,0.37786990998803915,0.5415402070488796,0
1584,2016-04-20 00:00:00.000000,26.65999984741211,27.022499084472656,26.51499938964844,26.78249931335449,122444000,42.668705838401266,0,0.312193547750919,0.5065221975258692,0
1585,2016-04-21 00:00:00.000000,26.732500076293945,26.732500076293945,26.3799991607666,26.49250030517578,126210000,36.92708818047163,0,0.2340461231494011,0.46735334986201355,0
1586,2016-04-22 00:00:00.000000,26.252500534057617,26.6200008392334,26.155000686645508,26.420000076293945,134732400,43.09356215505716,0,0.16436882210470927,0.42393847397466583,0
1587,2016-04-25 00:00:00.000000,26.25,26.412500381469727,26.127500534057617,26.270000457763672,112126400,43.84990505578248,0,0.09593941357331914,0.3732155847197305,0
1588,2016-04-26 00:00:00.000000,25.977500915527344,26.325000762939453,25.977500915527344,26.087499618530277,224064800,48.21743997970309,0,0.026674830955315088,0.3121820522584772,0
1589,2016-04-27 00:00:00.000000,24.0,24.677499771118164,23.920000076293945,24.45499992370605,458408400,62.23675662860959,0,-0.15812417473843965,0.22916320509892982,0
1590,2016-04-28 00:00:00.000000,24.40250015258789,24.46999931335449,23.5625,23.707500457763672,328970800,42.132696339987355,0,-0.360737322638915,0.12822572532558615,0
1591,2016-04-29 00:00:00.000000,23.497499465942383,23.68000030517578,23.127500534057617,23.434999465942383,274126000,40.76628556351335,0,-0.5371068216503581,0.017236036499332228,0
1592,2016-05-02 00:00:00.000000,23.49250030517578,23.520000457763672,23.100000381469727,23.40999984741211,192640400,38.84740355856811,0,-0.6711614491728177,-0.09932300340742965,0
1593,2016-05-03 00:00:00.000000,23.549999237060547,23.934999465942383,23.420000076293945,23.795000076293945,227325200,47.340785001365454,0,-0.7378291710057141,-0.21599219438038889,0
1594,2016-05-04 00:00:00.000000,23.799999237060547,23.975000381469727,23.45499992370605,23.54750061035156,164102000,40.63028406132039,0,-0.8013969541007882,-0.33104142518596547,0
1595,2016-05-05 00:00:00.000000,23.5,23.51749992370605,23.170000076293945,23.309999465942383,143562000,36.17777284637064,0,-0.8610140041810332,-0.4449728503288257,0
1596,2016-05-06 00:00:00.000000,23.342500686645508,23.362499237060547,22.962499618530277,23.18000030517578,174799600,32.6471750842061,0,-0.9082806972203166,-0.5565528626392298,0
1597,2016-05-09 00:00:00.000000,23.25,23.4424991607666,23.147499084472656,23.19750022888184,131745600,31.501176400896753,0,-0.9335662240953901,-0.6632463132004192,0
1598,2016-05-10 00:00:00.000000,23.332500457763672,23.39249992370605,23.02750015258789,23.354999542236328,134747200,32.66987698542064,0,-0.9301738429567941,-0.7490296096691252,0
1599,2016-05-11 00:00:00.000000,23.3700008392334,23.39249992370605,23.114999771118164,23.127500534057617,114876400,26.951221305849316,-1,-0.9350637918002036,-0.8128436617981573,0
1600,2016-05-12 00:00:00.000000,23.18000030517578,23.19499969482422,22.36750030517578,22.584999084472656,305258800,18.02077192145812,-1,-0.9715154195867157,-0.8611112837910859,0
1601,2016-05-13 00:00:00.000000,22.5,22.917499542236328,22.5,22.6299991607666,177571200,24.340910116435737,-1,-0.9854132367568447,-0.8960281490782,0
1602,2016-05-16 00:00:00.000000,23.09749984741211,23.59749984741211,22.912500381469727,23.46999931335449,245039200,39.70867170846224,0,-0.9180635002963342,-0.9160541856660467,0
1603,2016-05-17 00:00:00.000000,23.637500762939453,23.674999237060547,23.252500534057617,23.372499465942383,187667600,34.03408952201492,0,-0.8626121162499096,-0.9228558703492824,1
1604,2016-05-18 00:00:00.000000,23.540000915527344,23.802499771118164,23.47249984741211,23.63999938964844,168249600,37.898170385945136,0,-0.7879979369293402,-0.9147429739879832,1
1605,2016-05-19 00:00:00.000000,23.65999984741211,23.65999984741211,23.39249992370605,23.549999237060547,121768400,35.27546773738759,0,-0.727739000210196,-0.8946827854313031,1
1606,2016-05-20 00:00:00.000000,23.65999984741211,23.857500076293945,23.6299991607666,23.80500030517578,128104000,41.43940842739226,0,-0.6518922950654193,-0.8633856822057508,1
1607,2016-05-23 00:00:00.000000,23.967500686645508,24.29750061035156,23.917499542236328,24.107500076293945,152074400,47.05644563461093,0,-0.5609082304318882,-0.8223561697029835,1
1608,2016-05-24 00:00:00.000000,24.30500030517578,24.522499084472656,24.209999084472656,24.475000381469727,140560800,53.32868678141282,0,-0.4539160388625092,-0.7688953082654619,1
1609,2016-05-25 00:00:00.000000,24.667499542236328,24.934999465942383,24.52750015258789,24.905000686645508,152675200,60.81248217901115,0,-0.33061539674874396,-0.6976841946167984,1
1610,2016-05-26 00:00:00.000000,24.920000076293945,25.1825008392334,24.65999984741211,25.102500915527344,225324800,65.69040123942091,0,-0.2144896287232001,-0.6120260159463934,1
1611,2016-05-27 00:00:00.000000,24.86000061035156,25.11750030517578,24.8125,25.087499618530277,145364800,70.90038760533095,1,-0.12226026004514168,-0.523603433696261,1
1612,2016-05-31 00:00:00.000000,24.899999618530277,25.100000381469727,24.70499992370605,24.96500015258789,169228800,72.28771392409193,1,-0.05837954101305698,-0.434244258669944,1
1613,2016-06-01 00:00:00.000000,24.7549991607666,24.88500022888184,24.582500457763672,24.614999771118164,116693200,64.63025911801702,0,-0.03558550905654556,-0.350642877795189,1
1614,2016-06-02 00:00:00.000000,24.399999618530277,24.459999084472656,24.15749931335449,24.43000030517578,160766400,65.53302690947251,0,-0.032079196299036994,-0.27334734402728245,1
1615,2016-06-03 00:00:00.000000,24.44750022888184,24.5674991607666,24.362499237060547,24.479999542236328,114019600,66.59863923554845,0,-0.02497796715030276,-0.20369019648115838,1
1616,2016-06-06 00:00:00.000000,24.497499465942383,25.47249984741211,24.387500762939453,24.65749931335449,93170000,71.58845226810533,1,-0.0049701509799149335,-0.14191929876427245,1
1617,2016-06-07 00:00:00.000000,24.8125,24.967500686645508,24.739999771118164,24.75749969482422,89638000,67.58387533586853,0,0.018739366774862987,-0.0894020314712311,1
1618,2016-06-08 00:00:00.000000,24.7549991607666,24.88999938964844,24.670000076293945,24.73500061035156,83392400,66.03411913810137,0,0.03530684697494735,-0.048744004390820966,1
1619,2016-06-09 00:00:00.000000,24.625,24.997499465942383,24.614999771118164,24.912500381469727,106405600,75.393669079192,1,0.06204423517559832,-0.018018019513176695,1
1620,2016-06-10 00:00:00.000000,24.63249969482422,24.837499618530277,24.6200008392334,24.707500457763672,126851600,77.27830703636786,1,0.06593200426594592,0.002892232076944149,1
1621,2016-06-13 00:00:00.000000,24.67250061035156,24.780000686645508,24.274999618530277,24.334999084472656,152082000,55.290223256005305,0,0.03851140606263925,0.013657892863132619,1
1622,2016-06-14 00:00:00.000000,24.32999992370605,24.6200008392334,24.1875,24.364999771118164,127727600,56.76230076387673,0,0.018982372147867466,0.019720990774734066,0
1623,2016-06-15 00:00:00.000000,24.45499992370605,24.602500915527344,24.25749969482422,24.28499984741211,117780800,47.919818242520364,0,-0.0029162366239923188,0.02296131962751681,0
1624,2016-06-16 00:00:00.000000,24.112499237060547,24.4375,24.01749992370605,24.387500762939453,125307200,59.65181882356633,0,-0.011863321612601396,0.024418502465039182,0
1625,2016-06-17 00:00:00.000000,24.155000686645508,24.162500381469727,23.825000762939453,23.832500457763672,244032800,45.71653738890586,0,-0.06301148010357949,0.017969465895743122,0
1626,2016-06-20 00:00:00.000000,24.0,24.14249992370605,23.75749969482422,23.774999618530277,137647600,38.48003589072061,0,-0.10695370563958662,0.004003568960804276,0
1627,2016-06-21 00:00:00.000000,23.73500061035156,24.087499618530277,23.670000076293945,23.977500915527344,142185600,48.59837281091065,0,-0.12400857995277192,-0.013698145142275643,0
1628,2016-06-22 00:00:00.000000,24.0625,24.22249984741211,23.837499618530277,23.887500762939453,116876400,42.74447872201395,0,-0.1431369571287675,-0.03649605539831629,0
1629,2016-06-23 00:00:00.000000,23.98500061035156,24.07250022888184,23.8125,24.024999618530277,128960800,44.50734594454645,0,-0.14552381735196107,-0.05999114668919484,0
1630,2016-06-24 00:00:00.000000,23.227500915527344,23.665000915527344,23.162500381469727,23.350000381469727,301245600,49.95258284198443,0,-0.1995815664393099,-0.08644592141163364,0
1631,2016-06-27 00:00:00.000000,23.25,23.262500762939453,22.875,23.01000022888184,181958400,40.883662012924766,0,-0.26678258924763654,-0.11819758378891186,0
1632,2016-06-28 00:00:00.000000,23.225000381469727,23.415000915527344,23.03499984741211,23.397499084472656,161779600,48.619678590564845,0,-0.2854811161956654,-0.14959368151909777,0
1633,2016-06-29 00:00:00.000000,23.49250030517578,23.637500762939453,23.40749931335449,23.600000381469727,146124000,53.038650882289794,0,-0.2807236635746051,-0.1794670528482093,0
1634,2016-06-30 00:00:00.000000,23.61000061035156,23.9424991607666,23.575000762939453,23.899999618530277,143345600,62.955682653818464,0,-0.24986562151539715,-0.20022862411618902,0
1635,2016-07-01 00:00:00.000000,23.872499465942383,24.11750030517578,23.832500457763672,23.97249984741211,104106000,65.82697622920605,0,-0.21705812732441387,-0.21246244874783649,0
1636,2016-07-05 00:00:00.000000,23.84749984741211,23.850000381469727,23.614999771118164,23.747499465942383,110820800,60.42308264470012,0,-0.2068294015960177,-0.2216647622637527,1
1637,2016-07-06 00:00:00.000000,23.649999618530277,23.915000915527344,23.592500686645508,23.88249969482422,123796400,67.56596116553229,0,-0.18568916344677788,-0.22639278518797606,1
1638,2016-07-07 00:00:00.000000,23.924999237060547,24.125,23.905000686645508,23.98500061035156,100558400,69.22014534283352,0,-0.158833471767025,-0.22787163567853874,1
1639,2016-07-08 00:00:00.000000,24.122499465942383,24.22249984741211,24.012500762939453,24.170000076293945,115648400,70.59026907055339,1,-0.12122482747817642,-0.2191653313495239,1
1640,2016-07-11 00:00:00.000000,24.1875,24.412500381469727,24.1825008392334,24.2450008392334,95179600,72.31178513322871,1,-0.08439491906891305,-0.19890003466299908,1
1641,2016-07-12 00:00:00.000000,24.292499542236328,24.424999237060547,24.280000686645508,24.354999542236328,96670000,74.20544432473862,1,-0.045802986952381275,-0.17226913141374528,1
1642,2016-07-13 00:00:00.000000,24.352500915527344,24.417499542236328,24.209999084472656,24.217500686645508,103568800,63.3988119545219,0,-0.02601374101701026,-0.14396802890734584,1
1643,2016-07-14 00:00:00.000000,24.34749984741211,24.747499465942383,24.32999992370605,24.69750022888184,155676000,74.50547242907015,1,0.02807766860951233,-0.11308544111568924,1
1644,2016-07-15 00:00:00.000000,24.729999542236328,24.825000762939453,24.625,24.69499969482422,120548000,71.98503414083609,1,0.06993753191219909,-0.08119703453384336,1
1645,2016-07-18 00:00:00.000000,24.674999237060547,25.03249931335449,24.649999618530277,24.957500457763672,145975600,78.69677681453337,1,0.12287694400021465,-0.044562996134261984,1
1646,2016-07-19 00:00:00.000000,24.88999938964844,25.0,24.834999084472656,24.967500686645508,95119600,80.19846770680164,1,0.16375112336458386,-0.005736297599666231,1
1647,2016-07-20 00:00:00.000000,25.0,25.114999771118164,24.934999465942383,24.989999771118164,105104000,79.36552335006292,1,0.19570374215939879,0.03365672616993641,1
1648,2016-07-21 00:00:00.000000,24.957500457763672,25.25,24.78249931335449,24.857500076293945,130808000,70.87241307842214,1,0.2079378269025831,0.07023035443446525,1
1649,2016-07-22 00:00:00.000000,24.815000534057617,24.825000762939453,24.57749938964844,24.665000915527344,113254800,59.79719911199536,0,0.19979721577808363,0.10180725830635377,1
1650,2016-07-25 00:00:00.000000,24.5625,24.709999084472656,24.229999542236328,24.334999084472656,161531600,46.95596934990649,0,0.164817420359622,0.12520952578546524,1
1651,2016-07-26 00:00:00.000000,24.20499992370605,24.49250030517578,24.104999542236328,24.167499542236328,224959200,45.11336765664651,0,0.12217154969257749,0.14167455808653054,0
1652,2016-07-27 00:00:00.000000,26.0674991607666,26.087499618530277,25.6875,25.737499237060547,369379200,32.259700554519185,0,0.2126094152847955,0.16217808549489535,1
1653,2016-07-28 00:00:00.000000,25.707500457763672,26.112499237060547,25.70499992370605,26.084999084472656,159479200,50.77271461147225,0,0.30876317911458884,0.1887142685173831,1
1654,2016-07-29 00:00:00.000000,26.04750061035156,26.137500762939453,25.920000076293945,26.052499771118164,110934800,50.97743245888915,0,0.3779861180399742,0.2170597322995786,1
1655,2016-08-01 00:00:00.000000,26.102500915527344,26.537500381469727,26.102500915527344,26.512500762939453,152671600,64.82145254066525,0,0.46460831605512,0.2504883092651937,1
1656,2016-08-02 00:00:00.000000,26.512500762939453,26.51749992370605,26.0,26.1200008392334,135266400,49.40888456778533,0,0.4958694936225747,0.2838400594277688,1
1657,2016-08-03 00:00:00.000000,26.20249938964844,26.459999084472656,26.1924991607666,26.44750022888184,120810400,56.80590077157225,0,0.5408362422456925,0.32082877224366985,1
1658,2016-08-04 00:00:00.000000,26.395000457763672,26.5,26.31999969482422,26.467500686645508,109634800,58.859751778669526,0,0.5714987029857426,0.3621289374889653,1
1659,2016-08-05 00:00:00.000000,26.5674991607666,26.912500381469727,26.545000076293945,26.8700008392334,162213600,66.52320777970908,0,0.6211174669858295,0.41282894266965503,1
1660,2016-08-08 00:00:00.000000,26.8799991607666,27.092500686645508,26.790000915527344,27.092500686645508,112148800,70.91471196073157,1,0.6706635808309009,0.47377250168502427,1
1661,2016-08-09 00:00:00.000000,27.0575008392334,27.23500061035156,27.002500534057617,27.20249938964844,105260800,73.63745304415626,1,0.7106136966945868,0.5291063107305567,1
1662,2016-08-10 00:00:00.000000,27.177499771118164,27.225000381469727,26.940000534057617,27.0,96034000,65.03780120093955,0,0.7176616857703131,0.5745394781367482,1
1663,2016-08-11 00:00:00.000000,27.1299991607666,27.232500076293945,26.962499618530277,26.982500076293945,109938000,58.48853981753501,0,0.7136091284739408,0.6118309237405223,1
1664,2016-08-12 00:00:00.000000,26.94499969482422,27.11000061035156,26.94499969482422,27.045000076293945,74641600,61.519805292618294,0,0.7072875051964544,0.6387952780895595,1
1665,2016-08-15 00:00:00.000000,27.03499984741211,27.38500022888184,27.020000457763672,27.3700008392334,103472800,69.99031801430111,0,0.7202003967640032,0.6637209339941627,1
1666,2016-08-16 00:00:00.000000,27.40749931335449,27.5575008392334,27.302499771118164,27.34499931335449,135177600,66.82377580973633,0,0.7201154989560585,0.6836408514064255,1
1667,2016-08-17 00:00:00.000000,27.274999618530277,27.342500686645508,27.084999084472656,27.30500030517578,101424000,67.6347833949234,0,0.70865173507568,0.6988800771941963,1
1668,2016-08-18 00:00:00.000000,27.3075008392334,27.399999618530277,27.2549991607666,27.270000457763672,87938800,65.33136880179873,0,0.6888023398194214,0.706400618620151,0
1669,2016-08-19 00:00:00.000000,27.1924991607666,27.42250061035156,27.09000015258789,27.34000015258789,101472400,69.97254167397284,0,0.6709852412448605,0.7064363586661465,0
1670,2016-08-22 00:00:00.000000,27.21500015258789,27.274999618530277,26.962499618530277,27.127500534057617,103280800,64.0989829573814,0,0.6324278840031781,0.6977490461448789,0
1671,2016-08-23 00:00:00.000000,27.147499084472656,27.32999992370605,27.13249969482422,27.212499618530277,85030800,66.50869116677976,0,0.6017925267033455,0.684874695137438,0
1672,2016-08-24 00:00:00.000000,27.14249992370605,27.1875,26.920000076293945,27.00749969482422,94700400,57.29305770652255,0,0.5545791613813051,0.6672046987938118,0
1673,2016-08-25 00:00:00.000000,26.84749984741211,26.96999931335449,26.670000076293945,26.89249992370605,100344800,59.45389744520794,0,0.5020948716365901,0.6444055172871602,0
1674,2016-08-26 00:00:00.000000,26.852500915527344,26.987499237060547,26.57749938964844,26.73500061035156,111065200,51.58960061876212,0,0.44268877494066317,0.6135708926401224,0
1675,2016-08-29 00:00:00.000000,26.655000686645508,26.86000061035156,26.57250022888184,26.70499992370605,99881200,54.54191749753564,0,0.3887074332961724,0.5767477742334685,0
1676,2016-08-30 00:00:00.000000,26.450000762939453,26.625,26.375,26.5,99455600,57.53039783910154,0,0.3256313747514774,0.5341899564196682,0
1677,2016-08-31 00:00:00.000000,26.415000915527344,26.64249992370605,26.40999984741211,26.524999618530277,118649600,63.604224122224906,0,0.2744961830707062,0.48815593900314425,0
1678,2016-09-01 00:00:00.000000,26.53499984741211,26.700000762939453,26.405000686645508,26.6825008392334,106806000,70.19863015346199,1,0.2438690370171237,0.4406985829778402,0
1679,2016-09-02 00:00:00.000000,26.924999237060547,27.0,26.70499992370605,26.9325008392334,107210000,70.51215697731206,1,0.23703729538520335,0.3967662953536208,0
1680,2016-09-06 00:00:00.000000,26.975000381469727,27.075000762939453,26.877500534057617,26.924999237060547,107521600,65.23395496989639,0,0.22838509313119104,0.3552765805122703,0
1681,2016-09-07 00:00:00.000000,26.957500457763672,27.190000534057617,26.76749992370605,27.09000015258789,169457200,71.70912561521143,1,0.23216608926334814,0.3194529058324973,0
1682,2016-09-08 00:00:00.000000,26.8125,26.8174991607666,26.309999465942383,26.3799991607666,212008000,42.14512272932248,0,0.17584438501347677,0.2832028517632625,0
1683,2016-09-09 00:00:00.000000,26.15999984741211,26.43000030517578,25.78249931335449,25.78249931335449,186228000,29.78012888213243,-1,0.08204996354251293,0.24313187271902356,0
1684,2016-09-12 00:00:00.000000,25.662500381469727,26.43000030517578,25.63249969482422,26.36000061035156,181171200,56.80083235594939,0,0.0536977429078469,0.20590857378698738,0
1685,2016-09-13 00:00:00.000000,26.877500534057617,27.19750022888184,26.809999465942383,26.987499237060547,248704800,59.62773502085392,0,0.08092939504940588,0.17871946493120167,0
1686,2016-09-14 00:00:00.000000,27.1825008392334,28.25749969482422,27.149999618530277,27.9424991607666,443554800,73.46871282502616,1,0.1775247928343049,0.16794486601604597,1
1687,2016-09-15 00:00:00.000000,28.46500015258789,28.9325008392334,28.372499465942383,28.89249992370605,359934400,78.29774118345497,1,0.3269654098765109,0.17717779633375563,1
1688,2016-09-16 00:00:00.000000,28.780000686645508,29.03249931335449,28.51000022888184,28.729999542236328,319547600,76.42057086938807,1,0.4273594194661108,0.19832469900941202,1
1689,2016-09-19 00:00:00.000000,28.79750061035156,29.045000076293945,28.3125,28.395000457763672,188092000,62.502321733132675,0,0.4744219282810427,0.22566212513717332,1
1690,2016-09-20 00:00:00.000000,28.262500762939453,28.530000686645508,28.127500534057617,28.39249992370605,138057200,64.88563717465888,0,0.5056882737436332,0.2560534789683161,1
1691,2016-09-21 00:00:00.000000,28.462499618530277,28.497499465942383,28.11000061035156,28.387500762939453,144012800,62.2517875872207,0,0.5240230754694828,0.29474000013009455,1
1692,2016-09-22 00:00:00.000000,28.587499618530277,28.73500061035156,28.5,28.655000686645508,124296000,63.77868724439691,0,0.5537552009295936,0.3471516931731035,1
1693,2016-09-23 00:00:00.000000,28.604999542236328,28.69750022888184,27.887500762939453,28.177499771118164,209924800,49.227587739427705,0,0.5326477595137717,0.40036836168487294,1
1694,2016-09-26 00:00:00.000000,27.90999984741211,28.34749984741211,27.887500762939453,28.21999931335449,119477600,57.36615099374161,0,0.5134308072494171,0.44842407415154084,1
1695,2016-09-27 00:00:00.000000,28.25,28.295000076293945,28.084999084472656,28.272499084472656,98429600,57.93087369400288,0,0.49671174311725963,0.48388929084964694,1
1696,2016-09-28 00:00:00.000000,28.42250061035156,28.65999984741211,28.357500076293945,28.487499237060547,118564400,59.70983691545932,0,0.49510323788549115,0.5025712717395336,0
1697,2016-09-29 00:00:00.000000,28.290000915527344,28.450000762939453,27.950000762939453,28.045000076293945,143548000,50.43426908150306,0,0.4529017324959099,0.5054093065206224,0
1698,2016-09-30 00:00:00.000000,28.114999771118164,28.342500686645508,27.950000762939453,28.262500762939453,145516400,55.26203416796549,0,0.4320270838177187,0.5006987682469197,0
1699,2016-10-03 00:00:00.000000,28.177499771118164,28.262500762939453,28.06999969482422,28.1299991607666,86807200,53.331829965556,0,0.4001789881407589,0.48897551429104485,0
1700,2016-10-04 00:00:00.000000,28.26499938964844,28.57749938964844,28.15749931335449,28.25,118947200,52.66164738647059,0,0.3802390486387921,0.472999511309857,0
1701,2016-10-05 00:00:00.000000,28.350000381469727,28.415000915527344,28.17250061035156,28.262500762939453,85812400,48.554706419152154,0,0.36128059224194686,0.45161344367789624,0
1702,2016-10-06 00:00:00.000000,28.424999237060547,28.584999084472656,28.28249931335449,28.47249984741211,115117200,50.95076375438012,0,0.35906200673521127,0.43232613781361173,0
1703,2016-10-07 00:00:00.000000,28.57749938964844,28.63999938964844,28.377500534057617,28.51499938964844,97433600,47.58596444695223,0,0.35662220087003504,0.4149029593270137,0
1704,2016-10-10 00:00:00.000000,28.7549991607666,29.1875,28.68000030517578,29.012500762939453,144944000,60.10947408849945,0,0.39033332062999193,0.4030831346062062,0
1705,2016-10-11 00:00:00.000000,29.424999237060547,29.67250061035156,29.049999237060547,29.075000762939453,256164000,43.72472858693115,0,0.4172826786113788,0.3944364057979715,1
1706,2016-10-12 00:00:00.000000,29.337499618530277,29.4950008392334,29.1875,29.334999084472656,150347200,43.6266975400376,0,0.4543820966551593,0.3946008907045548,1
1707,2016-10-13 00:00:00.000000,29.19750022888184,29.36000061035156,28.93000030517578,29.2450008392334,140769600,46.26722165468162,0,0.47109110152331013,0.39894133711628715,1
1708,2016-10-14 00:00:00.000000,29.46999931335449,29.542499542236328,29.28249931335449,29.40749931335449,142608800,43.19548652415487,0,0.4917764838823935,0.4091188366431354,1
1709,2016-10-17 00:00:00.000000,29.332500457763672,29.459999084472656,29.19499969482422,29.387500762939453,94499600,46.78300139080793,0,0.5007833636590249,0.4225126494231613,1
1710,2016-10-18 00:00:00.000000,29.545000076293945,29.552499771118164,29.362499237060547,29.36750030517578,98214000,37.87560053120505,0,0.5005376248173015,0.43798565304264514,1
1711,2016-10-19 00:00:00.000000,29.3125,29.440000534057617,28.450000762939453,29.280000686645508,80138400,36.41099795583331,0,0.48766093535977006,0.45227442288981834,1
1712,2016-10-20 00:00:00.000000,29.21500015258789,29.34499931335449,29.082500457763672,29.26499938964844,96503200,40.495570912878435,0,0.47081828676097714,0.46496287687770077,1
1713,2016-10-21 00:00:00.000000,29.20249938964844,29.227500915527344,29.06999969482422,29.149999618530277,92770800,37.57164229085423,0,0.44308325797744175,0.47082398102741746,0
1714,2016-10-24 00:00:00.000000,29.274999618530277,29.434999465942383,29.25,29.412500381469727,94154800,48.753607647170625,0,0.43724438451568304,0.4730419483501179,0
1715,2016-10-25 00:00:00.000000,29.487499237060547,29.59000015258789,29.32749938964844,29.5625,192516000,53.945404432253135,0,0.4396527081020132,0.47140534962199054,0
1716,2016-10-26 00:00:00.000000,28.57749938964844,28.924999237060547,28.32749938964844,28.897499084472656,264536800,69.27140602935867,0,0.3834807779569047,0.4616708692257233,0
1717,2016-10-27 00:00:00.000000,28.84749984741211,28.96500015258789,28.524999618530277,28.6200008392334,138248000,54.41664939308062,0,0.3129646675055291,0.44180288962829395,0
1718,2016-10-28 00:00:00.000000,28.467500686645508,28.802499771118164,28.362499237060547,28.43000030517578,151446800,52.284165291158516,0,0.23899371594495022,0.41271515099339673,0
1719,2016-10-31 00:00:00.000000,28.412500381469727,28.5575008392334,28.299999237060547,28.38500022888184,105677600,50.60611741198113,0,0.17472594193022317,0.37651385289483247,0
1720,2016-11-01 00:00:00.000000,28.364999771118164,28.4424991607666,27.63249969482422,27.872499465942383,175303200,30.42670823984426,0,0.08149926676191299,0.3313847786061817,0
1721,2016-11-02 00:00:00.000000,27.850000381469727,28.087499618530277,27.8075008392334,27.897499084472656,113326800,33.38278074381802,0,0.009523929384467777,0.28012985000879176,0
1722,2016-11-03 00:00:00.000000,27.7450008392334,27.864999771118164,27.387500762939453,27.457500457763672,107730400,25.74360536824399,-1,-0.08207514481550149,0.22177891636513142,0
1723,2016-11-04 00:00:00.000000,27.13249969482422,27.5625,27.02750015258789,27.209999084472656,123348000,30.67767054527532,0,-0.17264917124819945,0.15401296572470002,0
1724,2016-11-07 00:00:00.000000,27.520000457763672,27.627500534057617,27.364999771118164,27.602500915527344,130240000,35.908576626094074,0,-0.2103335282694765,0.0817922727945345,0
1725,2016-11-08 00:00:00.000000,27.57749938964844,27.93000030517578,27.424999237060547,27.76499938964844,97016800,46.49584871496645,0,-0.22449850488595047,0.014239019145328373,0
1726,2016-11-09 00:00:00.000000,27.46999931335449,27.82999992370605,27.012500762939453,27.71999931335449,236705600,57.337931315562905,0,-0.2366277831942618,-0.04682680871020395,0
1727,2016-11-10 00:00:00.000000,27.772499084472656,27.772499084472656,26.457500457763672,26.94750022888184,228538000,32.36524132119325,0,-0.305058024696379,-0.10727700211479609,0
1728,2016-11-11 00:00:00.000000,26.780000686645508,27.217500686645508,26.637500762939453,27.107500076293945,136575600,43.61389308249371,0,-0.3424314964535178,-0.16473893971298953,0
1729,2016-11-14 00:00:00.000000,26.927499771118164,26.95249938964844,26.020000457763672,26.427499771118164,204702000,33.73129808331625,0,-0.4220553918732399,-0.22068945733911763,0
1730,2016-11-15 00:00:00.000000,26.64249992370605,26.920000076293945,26.540000915527344,26.77750015258789,129058000,38.100909507560736,0,-0.45170877931419895,-0.2719375360834139,0
1731,2016-11-16 00:00:00.000000,26.674999237060547,27.5575008392334,26.649999618530277,27.497499465942383,235362000,57.70580548658366,0,-0.41235796921471746,-0.3086356276833268,0
1732,2016-11-17 00:00:00.000000,27.45249938964844,27.587499618530277,27.207500457763672,27.487499237060547,110528000,58.35345094616554,0,-0.37762606538131394,-0.3314108381425618,0
1733,2016-11-18 00:00:00.000000,27.43000030517578,27.63500022888184,27.415000915527344,27.51499938964844,113715600,60.06695447766253,0,-0.3439172845033305,-0.3462534777241011,1
1734,2016-11-21 00:00:00.000000,27.530000686645508,27.997499465942383,27.502500534057617,27.9325008392334,117058400,67.39640174572142,0,-0.280283026760209,-0.35245175793235206,1
1735,2016-11-22 00:00:00.000000,27.987499237060547,28.104999542236328,27.850000381469727,27.950000762939453,103862000,66.09237763798268,0,-0.22583701294205838,-0.351252783459885,1
1736,2016-11-23 00:00:00.000000,27.84000015258789,27.877500534057617,27.582500457763672,27.8075008392334,109705600,64.83783362621226,0,-0.19197375371701497,-0.33868786446217786,1
1737,2016-11-25 00:00:00.000000,27.78249931335449,27.967500686645508,27.737499237060547,27.94750022888184,45903600,68.35650746947297,0,-0.15208693260046147,-0.317538468478505,1
1738,2016-11-28 00:00:00.000000,27.857500076293945,28.11750030517578,27.84749984741211,27.89249992370605,108776000,69.11300369925698,0,-0.12349087849068141,-0.2843646336582207,1
1739,2016-11-29 00:00:00.000000,27.69499969482422,28.00749969482422,27.51749992370605,27.864999771118164,114115200,72.76240770034273,1,-0.10187300350010631,-0.24549399190109927,1
1740,2016-11-30 00:00:00.000000,27.899999618530277,28.049999237060547,27.5674991607666,27.6299991607666,144649200,59.81164598238619,0,-0.10252146348140201,-0.21106771348628645,1
1741,2016-12-01 00:00:00.000000,27.592500686645508,27.73500061035156,27.25749969482422,27.372499465942383,148347600,51.23760475354711,0,-0.12240246660393694,-0.18270953584435567,1
1742,2016-12-02 00:00:00.000000,27.292499542236328,27.522499084472656,27.212499618530277,27.475000381469727,106112000,57.12104906370961,0,-0.1284071399871749,-0.15876396423144948,1
1743,2016-12-05 00:00:00.000000,27.5,27.50749969482422,27.0625,27.27750015258789,137298000,48.83266607505336,0,-0.1474033309533631,-0.1439995535862444,0
1744,2016-12-06 00:00:00.000000,27.375,27.59000015258789,27.29750061035156,27.487499237060547,104782000,52.826071865428304,0,-0.1438545127956843,-0.13489038690331392,0
1745,2016-12-07 00:00:00.000000,27.315000534057617,27.79750061035156,27.290000915527344,27.75749969482422,119994800,65.16499613318905,0,-0.11789623398677307,-0.1266595513777315,1
1746,2016-12-08 00:00:00.000000,27.71500015258789,28.107500076293945,27.649999618530277,28.030000686645508,108273200,71.32551894357057,1,-0.07447703347567725,-0.11803622925275548,1
1747,2016-12-09 00:00:00.000000,28.07749938964844,28.674999237060547,28.07749938964844,28.487499237060547,137610400,77.34310610413321,1,-0.0031147893558056694,-0.10466110823776928,1
1748,2016-12-12 00:00:00.000000,28.32250022888184,28.75,28.122499465942383,28.325000762939453,105497600,77.37651662782392,1,0.039868455701167704,-0.0889120572154055,1
1749,2016-12-13 00:00:00.000000,28.459999084472656,28.979999542236328,28.4375,28.79750061035156,174935200,81.60174683569996,1,0.11078274144305666,-0.06521159000157677,1
1750,2016-12-14 00:00:00.000000,28.76000022888184,29.049999237060547,28.7450008392334,28.79750061035156,136127200,82.03197525030399,1,0.16507988564033482,-0.033269106418879896,1
1751,2016-12-15 00:00:00.000000,28.84499931335449,29.1825008392334,28.8075008392334,28.95499992370605,186098000,83.34977641036642,1,0.21830317876175087,0.0052542623310007424,1
1752,2016-12-16 00:00:00.000000,29.11750030517578,29.125,28.912500381469727,28.99250030517578,177404400,76.03769041620393,1,0.2605060379483426,0.050577525542301376,1
1753,2016-12-19 00:00:00.000000,28.950000762939453,29.34499931335449,28.9375,29.15999984741211,111117600,79.52037501921767,1,0.3039640131823518,0.10033513953986094,1
1754,2016-12-20 00:00:00.000000,29.184999465942383,29.375,29.170000076293945,29.237499237060547,85700000,80.34443517278943,1,0.34073059451220544,0.15129367603974744,1
1755,2016-12-21 00:00:00.000000,29.200000762939453,29.350000381469727,29.19499969482422,29.26499938964844,95132800,81.4128604460573,1,0.3678470952532962,0.20044080145407783,1
1756,2016-12-22 00:00:00.000000,29.087499618530277,29.127500534057617,28.90999984741211,29.07250022888184,104343600,80.25133638556562,1,0.3695441688183152,0.24184735236231347,1
1757,2016-12-23 00:00:00.000000,28.897499084472656,29.1299991607666,28.897499084472656,29.1299991607666,56998000,84.26616644656556,1,0.3712492646812251,0.27866744224898654,1
1758,2016-12-27 00:00:00.000000,29.1299991607666,29.450000762939453,29.122499465942383,29.315000534057617,73187600,86.74097113546216,1,0.38311234945536654,0.3089262875836876,1
1759,2016-12-28 00:00:00.000000,29.3799991607666,29.5049991607666,29.049999237060547,29.190000534057617,83623600,73.11318000165494,1,0.37806932642136815,0.33259178100380243,1
1760,2016-12-29 00:00:00.000000,29.112499237060547,29.27750015258789,29.100000381469727,29.1825008392334,60158000,74.79650285514451,1,0.3692114913925586,0.3493593712961144,1
1761,2016-12-30 00:00:00.000000,29.162500381469727,29.299999237060547,28.857500076293945,28.95499992370605,122345200,61.604783550962864,0,0.33991583260834446,0.3581826818138924,0
